"Year","Stage","Variable","Coefficient","SE","Z_value","P_value"
"2004","Stage1_Csection","(Intercept)",-2.91908580728052,0.346450084974043,-8.4257038282996,3.58588163313088e-17
"2004","Stage1_Csection","IV_c_section_yes",1.98752655118549,0.26522086848988,7.4938543203712,6.68799536536028e-14
"2004","Stage1_Csection","birth_single",-0.748617951941815,0.302972054591805,-2.4709142001576,0.013476814876459
"2004","Stage1_Csection","contraceptive_type",0.0799862857592989,0.0431905774490235,1.85193832737486,0.0640346794284964
"2004","Stage1_Csection","mother_education",0.375770147494931,0.0603255862355597,6.22903432761717,4.69318958586227e-10
"2004","Stage1_Csection","partner_edu",0.276472606611111,0.0529409742257069,5.22228029715522,1.7673318133369e-07
"2004","Stage1_Csection","media_exposure",0.187871457006192,0.0502559262334838,3.73829458705746,0.00018527277997414
"2004","Stage1_Csection","mother_working",-0.00189343089490975,0.123211236969733,-0.0153673556201281,0.987739106792036
"2004","Stage1_Csection","pregnancy_terminated",0.284362267720013,0.0950668457179745,2.99118231568977,0.00277899523578554
"2011","Stage1_Csection","(Intercept)",-2.23835312301734,0.238303372840926,-9.39287218780365,5.83859699364436e-21
"2011","Stage1_Csection","IV_c_section_yes",1.10359468930159,0.111262768382815,9.91881386147531,3.44829552714444e-23
"2011","Stage1_Csection","birth_single",-0.4904587891291,0.220172851115967,-2.2276079300566,0.0259066713953134
"2011","Stage1_Csection","contraceptive_type",0.0108096653656937,0.023872384157727,0.45281046477274,0.650685227510224
"2011","Stage1_Csection","mother_education",0.350700906244738,0.0377135268601381,9.2990747734977,1.41673104256402e-20
"2011","Stage1_Csection","partner_edu",0.31880259581605,0.0300907168079192,10.5947159002922,3.15296901232044e-26
"2011","Stage1_Csection","media_exposure",0.0593397942374335,0.0343211779257752,1.72895564265786,0.083817034217217
"2011","Stage1_Csection","mother_working",0.00814926011525961,0.0848172381280307,0.0960802343381942,0.923456849384597
"2011","Stage1_Csection","pregnancy_terminated",0.195391787626446,0.0617347969641048,3.16501871286715,0.00155072977454825
"2017-2018","Stage1_Csection","(Intercept)",-1.59388830691897,0.214774220333355,-7.42122729834644,1.16039973418243e-13
"2017-2018","Stage1_Csection","IV_c_section_yes",1.07237484664161,0.0813579609829869,13.1809454623114,1.12966160232427e-39
"2017-2018","Stage1_Csection","birth_single",-0.590011764216482,0.196603649737116,-3.00102142053518,0.00269075635996094
"2017-2018","Stage1_Csection","contraceptive_type",0.0382066275910442,0.0208354934147058,1.83372799628915,0.0666943806592583
"2017-2018","Stage1_Csection","mother_education",0.287950621853953,0.0314612718809686,9.15254230481822,5.56091583615447e-20
"2017-2018","Stage1_Csection","partner_edu",0.25448396875491,0.0260859321434459,9.7556018836325,1.74562093931856e-22
"2017-2018","Stage1_Csection","media_exposure",0.0711971968755019,0.0293679925516851,2.42431268498183,0.0153373933226178
"2017-2018","Stage1_Csection","mother_working",-0.233444456468179,0.0425747233823531,-5.48317024568008,4.17770622724748e-08
"2017-2018","Stage1_Csection","pregnancy_terminated",0.238869361476927,0.0529406193800014,4.51202430712703,6.42118272716171e-06
"2022","Stage1_Csection","(Intercept)",-1.56303974860081,0.206756432562746,-7.55981194503567,4.03652519625548e-14
"2022","Stage1_Csection","IV_c_section_yes",1.32218473990926,0.0726272122721297,18.2050873019208,4.70303371914773e-74
"2022","Stage1_Csection","birth_single",-0.274539726474699,0.189471615857432,-1.44897548496803,0.147344428905306
"2022","Stage1_Csection","contraceptive_type",0.00489560102434548,0.0179454425839618,0.27280469687166,0.785003348887399
"2022","Stage1_Csection","mother_education",0.265496222239645,0.0313899150578215,8.45801021603884,2.71978296312595e-17
"2022","Stage1_Csection","partner_edu",0.221239898555385,0.0244896133368541,9.03402987675778,1.65463518207645e-19
"2022","Stage1_Csection","media_exposure",0.0202367256294569,0.0317664842261356,0.637046438170432,0.524094595566234
"2022","Stage1_Csection","mother_working",-0.0915455551923721,0.048316024970443,-1.89472447802514,0.0581289130724948
"2022","Stage1_Csection","pregnancy_terminated",0.089596540285017,0.0495547158938732,1.80803256902729,0.0706014317564407
"2004","2SRI_Stage1_Csection","(Intercept)",0.325233064878773,0.285246850686722,1.14018108910155,0.254210864371829
"2004","2SRI_Stage1_Csection","c_section_yes",-0.593125818453752,0.901539568831024,-0.657903256784198,0.510600297804597
"2004","2SRI_Stage1_Csection","birth_single",-1.3025447310825,0.267509801542749,-4.8691476856946,1.1208062057229e-06
"2004","2SRI_Stage1_Csection","contraceptive_type",-0.193045183588536,0.0380421480898368,-5.07450796765362,3.88499953980249e-07
"2004","2SRI_Stage1_Csection","mother_education",-0.111327783308608,0.0619285148186458,-1.79768211194189,0.0722273977206938
"2004","2SRI_Stage1_Csection","partner_edu",-0.049954211881421,0.055035801429548,-0.907667565182421,0.364053885353192
"2004","2SRI_Stage1_Csection","media_exposure",-0.144476196482111,0.0535550133627286,-2.69771562754681,0.00698170528610713
"2004","2SRI_Stage1_Csection","mother_working",0.236078937411119,0.0972965377313047,2.42638579867125,0.0152500490904504
"2004","2SRI_Stage1_Csection","pregnancy_terminated",-0.0399042872036494,0.0996008356928752,-0.400642092268146,0.688683650719818
"2004","2SRI_Stage1_Csection","resid_csec",1.23392827424415,0.952287128589682,1.2957523389732,0.195060823084151
"2011","2SRI_Stage1_Csection","(Intercept)",-0.645032059867032,0.263682131749785,-2.4462486539631,0.0144351407303651
"2011","2SRI_Stage1_Csection","c_section_yes",-0.513167261701046,0.527251811069472,-0.973286863937257,0.330410749279198
"2011","2SRI_Stage1_Csection","birth_single",-0.977623043045568,0.243185146795551,-4.02007711378635,5.8179094778177e-05
"2011","2SRI_Stage1_Csection","contraceptive_type",-0.181442702426066,0.0359687008855821,-5.04446082173615,4.54802005588678e-07
"2011","2SRI_Stage1_Csection","mother_education",-0.00484275947250566,0.0671698971934213,-0.07209716963777,0.942524578667551
"2011","2SRI_Stage1_Csection","partner_edu",0.0279332543760413,0.0633383988454359,0.441016111635639,0.659201333003035
"2011","2SRI_Stage1_Csection","media_exposure",0.0101633069859708,0.0568882548832491,0.178653871644134,0.858209491441734
"2011","2SRI_Stage1_Csection","mother_working",0.323244652736698,0.117445799957634,2.75228788814332,0.00591804702348811
"2011","2SRI_Stage1_Csection","pregnancy_terminated",0.236428987027438,0.0947076620427954,2.49640823063083,0.0125458126235612
"2011","2SRI_Stage1_Csection","resid_csec",0.673393342282508,0.541511987701334,1.24354281636681,0.213667873368332
"2017-2018","2SRI_Stage1_Csection","(Intercept)",-0.517853532534378,0.319480291992924,-1.6209248129329,0.105033764624519
"2017-2018","2SRI_Stage1_Csection","c_section_yes",0.218416783028885,0.484659516809473,0.450660258291694,0.65223442949655
"2017-2018","2SRI_Stage1_Csection","birth_single",-0.687031138454092,0.28904476248769,-2.37690222282907,0.0174587153251372
"2017-2018","2SRI_Stage1_Csection","contraceptive_type",-0.253442735190581,0.0420877406423576,-6.02177097944558,1.72518890460587e-09
"2017-2018","2SRI_Stage1_Csection","mother_education",-0.0890411645747601,0.0804174729529349,-1.10723654083078,0.268191672884423
"2017-2018","2SRI_Stage1_Csection","partner_edu",-0.0758227408790259,0.0709166475783917,-1.06918112274288,0.284988063123134
"2017-2018","2SRI_Stage1_Csection","media_exposure",-0.0647700971987942,0.0667265583658366,-0.970679423381679,0.331707941535754
"2017-2018","2SRI_Stage1_Csection","mother_working",0.0822361621472108,0.0966161184473334,0.851164003157907,0.394678255861498
"2017-2018","2SRI_Stage1_Csection","pregnancy_terminated",-0.0151148201461916,0.120307657951915,-0.125634730186775,0.900021070049558
"2017-2018","2SRI_Stage1_Csection","resid_csec",-0.386771558035759,0.495462694222605,-0.780627002891942,0.435021905218057
"2022","2SRI_Stage1_Csection","(Intercept)",-0.19415641878466,0.283491366125803,-0.684875950326122,0.493422203209234
"2022","2SRI_Stage1_Csection","c_section_yes",-0.259830581429706,0.343767694745097,-0.755831875424971,0.449750002868168
"2022","2SRI_Stage1_Csection","birth_single",-1.01882369757957,0.230972899154141,-4.41100969555591,1.02889710448121e-05
"2022","2SRI_Stage1_Csection","contraceptive_type",-0.241953455351962,0.0349279877940753,-6.92720854056769,4.29225633137126e-12
"2022","2SRI_Stage1_Csection","mother_education",0.0550059429827431,0.0748371555837527,0.735008466766005,0.4623343377059
"2022","2SRI_Stage1_Csection","partner_edu",-0.133510157617099,0.0623688717893829,-2.14065372335028,0.0323019729620551
"2022","2SRI_Stage1_Csection","media_exposure",-0.0780924489467532,0.0723183179553446,-1.07984327006851,0.280211979019665
"2022","2SRI_Stage1_Csection","mother_working",0.219235269054285,0.0981295169558778,2.23414193664951,0.0254737354266689
"2022","2SRI_Stage1_Csection","pregnancy_terminated",0.223583278935051,0.100538127547026,2.22386555618386,0.0261574910927831
"2022","2SRI_Stage1_Csection","resid_csec",-0.00974847240983067,0.357535231780303,-0.0272657672400265,0.978247760496588
"2004","2SRI_Stage2_ANC","(Intercept)",0.291331068046814,0.298976387521627,0.974428350217924,0.329843898681813
"2004","2SRI_Stage2_ANC","anc_4plus",-0.0189232043781757,0.419385554061132,-0.0451212594113752,0.964010656118296
"2004","2SRI_Stage2_ANC","c_section_yes",0.585005541175836,0.182698190213751,3.20203249135308,0.00136461605284732
"2004","2SRI_Stage2_ANC","birth_single",-1.17553701891079,0.248012085834201,-4.73983763717324,2.13889542212611e-06
"2004","2SRI_Stage2_ANC","contraceptive_type",-0.200139234110316,0.0385887524383175,-5.18646552334725,2.14322678276128e-07
"2004","2SRI_Stage2_ANC","mother_education",-0.144652094932713,0.0674550144923131,-2.14442315402952,0.0319989966731696
"2004","2SRI_Stage2_ANC","partner_edu",-0.0787218500445911,0.057076177387493,-1.37924180714039,0.167820211961257
"2004","2SRI_Stage2_ANC","media_exposure",-0.162984395932754,0.0548563858423452,-2.97111071810608,0.00296724785863552
"2004","2SRI_Stage2_ANC","mother_working",0.232830587862444,0.097672875004752,2.38377940498952,0.0171358707794827
"2004","2SRI_Stage2_ANC","pregnancy_terminated",-0.0592342930803536,0.0998007243529256,-0.593525682948785,0.552829400209358
"2004","2SRI_Stage2_ANC","resid_anc",-0.141961147603836,0.436267184102777,-0.325399555081807,0.744878692200897
"2011","2SRI_Stage2_ANC","(Intercept)",-0.619938771299871,0.268092410477272,-2.31240701740204,0.0207552640155547
"2011","2SRI_Stage2_ANC","anc_4plus",-0.00200219753943417,0.313501586455787,-0.00638656270314135,0.994904294863347
"2011","2SRI_Stage2_ANC","c_section_yes",0.127942198943787,0.10696828044822,1.19607605551554,0.231666880694324
"2011","2SRI_Stage2_ANC","birth_single",-0.882984823557382,0.232446224325522,-3.79866279230604,0.000145478862074004
"2011","2SRI_Stage2_ANC","contraceptive_type",-0.184568464225294,0.036125184950407,-5.10913548203759,3.2363622961091e-07
"2011","2SRI_Stage2_ANC","mother_education",-0.0541584011335285,0.0634409245923516,-0.853682405821333,0.393280985275669
"2011","2SRI_Stage2_ANC","partner_edu",-0.0214850385777741,0.0528359591851451,-0.406636671485177,0.6842748592193
"2011","2SRI_Stage2_ANC","media_exposure",-0.00705273501062365,0.0577533577229208,-0.122118181326531,0.902805423029195
"2011","2SRI_Stage2_ANC","mother_working",0.307617118503268,0.117020490257308,2.62874576774435,0.00857004039869608
"2011","2SRI_Stage2_ANC","pregnancy_terminated",0.207917260703464,0.0923490708110128,2.25142774992241,0.0243584581898833
"2011","2SRI_Stage2_ANC","resid_anc",0.0111613113199125,0.326577077959702,0.034176652536801,0.972736284238942
"2017-2018","2SRI_Stage2_ANC","(Intercept)",-0.534691843426689,0.32049301312223,-1.66834165343495,0.0952479236380323
"2017-2018","2SRI_Stage2_ANC","anc_4plus",0.348670335711086,0.340187028265495,1.02493718672592,0.305392826775852
"2017-2018","2SRI_Stage2_ANC","c_section_yes",-0.150522764256307,0.107180293799859,-1.40438842738556,0.160203215084375
"2017-2018","2SRI_Stage2_ANC","birth_single",-0.716051542271798,0.275856119332248,-2.59574282421253,0.00943866828477842
"2017-2018","2SRI_Stage2_ANC","contraceptive_type",-0.256250781959015,0.0421715053750388,-6.07639636479967,1.22913377055631e-09
"2017-2018","2SRI_Stage2_ANC","mother_education",-0.0937716373411181,0.0752402739374151,-1.24629579923004,0.212655819518347
"2017-2018","2SRI_Stage2_ANC","partner_edu",-0.0704656997023364,0.0626837170580464,-1.12414679616213,0.260950755736585
"2017-2018","2SRI_Stage2_ANC","media_exposure",-0.0578582426317436,0.0647203455311001,-0.893973018174646,0.371336327751374
"2017-2018","2SRI_Stage2_ANC","mother_working",0.0472868664272681,0.0905010228468801,0.522500905954106,0.601321615839473
"2017-2018","2SRI_Stage2_ANC","pregnancy_terminated",-0.00895087134038817,0.115974401748396,-0.077179715570397,0.938480578137061
"2017-2018","2SRI_Stage2_ANC","resid_anc",-0.427339083444208,0.352307428278429,-1.21297210658437,0.225140485133037
"2022","2SRI_Stage2_ANC","(Intercept)",-0.118292112735966,0.286947726359029,-0.412242725310737,0.680161524041621
"2022","2SRI_Stage2_ANC","anc_4plus",-0.838546292915839,0.40449920169562,-2.07304807871249,0.0381678053376261
"2022","2SRI_Stage2_ANC","c_section_yes",-0.255543067716682,0.0986596863316703,-2.59014676833258,0.00959350205302598
"2022","2SRI_Stage2_ANC","birth_single",-1.150373843845,0.2383725723222,-4.82594886080298,1.39338262026795e-06
"2022","2SRI_Stage2_ANC","contraceptive_type",-0.246689208117226,0.0350733419874421,-7.03352444159878,2.01380678820779e-12
"2022","2SRI_Stage2_ANC","mother_education",0.13839848821877,0.0770950711560121,1.79516648916119,0.0726271778739712
"2022","2SRI_Stage2_ANC","partner_edu",-0.0704018825844972,0.0615543996929075,-1.14373437050364,0.252733814757667
"2022","2SRI_Stage2_ANC","media_exposure",-0.0374085568746985,0.0737713508143712,-0.507087866248086,0.612093168299566
"2022","2SRI_Stage2_ANC","mother_working",0.225237704474809,0.0978768528321857,2.30123566458547,0.0213783140109798
"2022","2SRI_Stage2_ANC","pregnancy_terminated",0.280146922993828,0.104532598713718,2.67999577587335,0.00736230892378197
"2022","2SRI_Stage2_ANC","resid_anc",0.876842518532608,0.415621671508451,2.10971318061979,0.0348830684923343
