"Year","Gamma","Pi_FS","Beta_IV","Beta_Corrected","CI_lo","CI_hi","Excludes_Zero"
"2004",0,0.461993068510923,0.0190575834466133,0.0190575834466133,-0.165813056704415,0.203928223597641,FALSE
"2004",0.000202020202020202,0.461993068510923,0.0190575834466133,0.0186203037214621,-0.166250336429566,0.20349094387249,FALSE
"2004",0.000404040404040404,0.461993068510923,0.0190575834466133,0.0181830239963109,-0.166687616154717,0.203053664147339,FALSE
"2004",0.000606060606060606,0.461993068510923,0.0190575834466133,0.0177457442711598,-0.167124895879868,0.202616384422188,FALSE
"2004",0.000808080808080808,0.461993068510923,0.0190575834466133,0.0173084645460086,-0.167562175605019,0.202179104697037,FALSE
"2004",0.00101010101010101,0.461993068510923,0.0190575834466133,0.0168711848208574,-0.16799945533017,0.201741824971885,FALSE
"2004",0.00121212121212121,0.461993068510923,0.0190575834466133,0.0164339050957063,-0.168436735055322,0.201304545246734,FALSE
"2004",0.00141414141414141,0.461993068510923,0.0190575834466133,0.0159966253705551,-0.168874014780473,0.200867265521583,FALSE
"2004",0.00161616161616162,0.461993068510923,0.0190575834466133,0.0155593456454039,-0.169311294505624,0.200429985796432,FALSE
"2004",0.00181818181818182,0.461993068510923,0.0190575834466133,0.0151220659202527,-0.169748574230775,0.199992706071281,FALSE
"2004",0.00202020202020202,0.461993068510923,0.0190575834466133,0.0146847861951016,-0.170185853955926,0.199555426346129,FALSE
"2004",0.00222222222222222,0.461993068510923,0.0190575834466133,0.0142475064699504,-0.170623133681078,0.199118146620978,FALSE
"2004",0.00242424242424242,0.461993068510923,0.0190575834466133,0.0138102267447992,-0.171060413406229,0.198680866895827,FALSE
"2004",0.00262626262626263,0.461993068510923,0.0190575834466133,0.0133729470196481,-0.17149769313138,0.198243587170676,FALSE
"2004",0.00282828282828283,0.461993068510923,0.0190575834466133,0.0129356672944969,-0.171934972856531,0.197806307445525,FALSE
"2004",0.00303030303030303,0.461993068510923,0.0190575834466133,0.0124983875693457,-0.172372252581682,0.197369027720374,FALSE
"2004",0.00323232323232323,0.461993068510923,0.0190575834466133,0.0120611078441946,-0.172809532306833,0.196931747995222,FALSE
"2004",0.00343434343434343,0.461993068510923,0.0190575834466133,0.0116238281190434,-0.173246812031985,0.196494468270071,FALSE
"2004",0.00363636363636364,0.461993068510923,0.0190575834466133,0.0111865483938922,-0.173684091757136,0.19605718854492,FALSE
"2004",0.00383838383838384,0.461993068510923,0.0190575834466133,0.010749268668741,-0.174121371482287,0.195619908819769,FALSE
"2004",0.00404040404040404,0.461993068510923,0.0190575834466133,0.0103119889435899,-0.174558651207438,0.195182629094618,FALSE
"2004",0.00424242424242424,0.461993068510923,0.0190575834466133,0.0098747092184387,-0.174995930932589,0.194745349369467,FALSE
"2004",0.00444444444444444,0.461993068510923,0.0190575834466133,0.00943742949328753,-0.17543321065774,0.194308069644315,FALSE
"2004",0.00464646464646465,0.461993068510923,0.0190575834466133,0.00900014976813636,-0.175870490382892,0.193870789919164,FALSE
"2004",0.00484848484848485,0.461993068510923,0.0190575834466133,0.00856287004298519,-0.176307770108043,0.193433510194013,FALSE
"2004",0.00505050505050505,0.461993068510923,0.0190575834466133,0.00812559031783402,-0.176745049833194,0.192996230468862,FALSE
"2004",0.00525252525252525,0.461993068510923,0.0190575834466133,0.00768831059268285,-0.177182329558345,0.192558950743711,FALSE
"2004",0.00545454545454545,0.461993068510923,0.0190575834466133,0.00725103086753168,-0.177619609283496,0.19212167101856,FALSE
"2004",0.00565656565656566,0.461993068510923,0.0190575834466133,0.00681375114238051,-0.178056889008647,0.191684391293408,FALSE
"2004",0.00585858585858586,0.461993068510923,0.0190575834466133,0.00637647141722934,-0.178494168733799,0.191247111568257,FALSE
"2004",0.00606060606060606,0.461993068510923,0.0190575834466133,0.00593919169207817,-0.17893144845895,0.190809831843106,FALSE
"2004",0.00626262626262626,0.461993068510923,0.0190575834466133,0.005501911966927,-0.179368728184101,0.190372552117955,FALSE
"2004",0.00646464646464646,0.461993068510923,0.0190575834466133,0.00506463224177583,-0.179806007909252,0.189935272392804,FALSE
"2004",0.00666666666666667,0.461993068510923,0.0190575834466133,0.00462735251662466,-0.180243287634403,0.189497992667653,FALSE
"2004",0.00686868686868687,0.461993068510923,0.0190575834466133,0.00419007279147349,-0.180680567359554,0.189060712942501,FALSE
"2004",0.00707070707070707,0.461993068510923,0.0190575834466133,0.00375279306632232,-0.181117847084706,0.18862343321735,FALSE
"2004",0.00727272727272727,0.461993068510923,0.0190575834466133,0.00331551334117115,-0.181555126809857,0.188186153492199,FALSE
"2004",0.00747474747474747,0.461993068510923,0.0190575834466133,0.00287823361601998,-0.181992406535008,0.187748873767048,FALSE
"2004",0.00767676767676768,0.461993068510923,0.0190575834466133,0.00244095389086881,-0.182429686260159,0.187311594041897,FALSE
"2004",0.00787878787878788,0.461993068510923,0.0190575834466133,0.00200367416571764,-0.18286696598531,0.186874314316746,FALSE
"2004",0.00808080808080808,0.461993068510923,0.0190575834466133,0.00156639444056647,-0.183304245710461,0.186437034591594,FALSE
"2004",0.00828282828282828,0.461993068510923,0.0190575834466133,0.0011291147154153,-0.183741525435613,0.185999754866443,FALSE
"2004",0.00848484848484848,0.461993068510923,0.0190575834466133,0.00069183499026413,-0.184178805160764,0.185562475141292,FALSE
"2004",0.00868686868686869,0.461993068510923,0.0190575834466133,0.000254555265112956,-0.184616084885915,0.185125195416141,FALSE
"2004",0.00888888888888889,0.461993068510923,0.0190575834466133,-0.000182724460038215,-0.185053364611066,0.18468791569099,FALSE
"2004",0.00909090909090909,0.461993068510923,0.0190575834466133,-0.000620004185189382,-0.185490644336217,0.184250635965839,FALSE
"2004",0.00929292929292929,0.461993068510923,0.0190575834466133,-0.00105728391034056,-0.185927924061368,0.183813356240687,FALSE
"2004",0.0094949494949495,0.461993068510923,0.0190575834466133,-0.00149456363549173,-0.18636520378652,0.183376076515536,FALSE
"2004",0.0096969696969697,0.461993068510923,0.0190575834466133,-0.0019318433606429,-0.186802483511671,0.182938796790385,FALSE
"2004",0.0098989898989899,0.461993068510923,0.0190575834466133,-0.00236912308579406,-0.187239763236822,0.182501517065234,FALSE
"2004",0.0101010101010101,0.461993068510923,0.0190575834466133,-0.00280640281094523,-0.187677042961973,0.182064237340083,FALSE
"2004",0.0103030303030303,0.461993068510923,0.0190575834466133,-0.00324368253609641,-0.188114322687124,0.181626957614932,FALSE
"2004",0.0105050505050505,0.461993068510923,0.0190575834466133,-0.00368096226124758,-0.188551602412275,0.18118967788978,FALSE
"2004",0.0107070707070707,0.461993068510923,0.0190575834466133,-0.00411824198639875,-0.188988882137427,0.180752398164629,FALSE
"2004",0.0109090909090909,0.461993068510923,0.0190575834466133,-0.00455552171154992,-0.189426161862578,0.180315118439478,FALSE
"2004",0.0111111111111111,0.461993068510923,0.0190575834466133,-0.00499280143670109,-0.189863441587729,0.179877838714327,FALSE
"2004",0.0113131313131313,0.461993068510923,0.0190575834466133,-0.00543008116185226,-0.19030072131288,0.179440558989176,FALSE
"2004",0.0115151515151515,0.461993068510923,0.0190575834466133,-0.00586736088700343,-0.190738001038031,0.179003279264024,FALSE
"2004",0.0117171717171717,0.461993068510923,0.0190575834466133,-0.00630464061215459,-0.191175280763183,0.178565999538873,FALSE
"2004",0.0119191919191919,0.461993068510923,0.0190575834466133,-0.00674192033730577,-0.191612560488334,0.178128719813722,FALSE
"2004",0.0121212121212121,0.461993068510923,0.0190575834466133,-0.00717920006245694,-0.192049840213485,0.177691440088571,FALSE
"2004",0.0123232323232323,0.461993068510923,0.0190575834466133,-0.00761647978760811,-0.192487119938636,0.17725416036342,FALSE
"2004",0.0125252525252525,0.461993068510923,0.0190575834466133,-0.00805375951275928,-0.192924399663787,0.176816880638269,FALSE
"2004",0.0127272727272727,0.461993068510923,0.0190575834466133,-0.00849103923791045,-0.193361679388938,0.176379600913117,FALSE
"2004",0.0129292929292929,0.461993068510923,0.0190575834466133,-0.00892831896306162,-0.19379895911409,0.175942321187966,FALSE
"2004",0.0131313131313131,0.461993068510923,0.0190575834466133,-0.00936559868821279,-0.194236238839241,0.175505041462815,FALSE
"2004",0.0133333333333333,0.461993068510923,0.0190575834466133,-0.00980287841336396,-0.194673518564392,0.175067761737664,FALSE
"2004",0.0135353535353535,0.461993068510923,0.0190575834466133,-0.0102401581385151,-0.195110798289543,0.174630482012513,FALSE
"2004",0.0137373737373737,0.461993068510923,0.0190575834466133,-0.0106774378636663,-0.195548078014694,0.174193202287362,FALSE
"2004",0.0139393939393939,0.461993068510923,0.0190575834466133,-0.0111147175888175,-0.195985357739845,0.17375592256221,FALSE
"2004",0.0141414141414141,0.461993068510923,0.0190575834466133,-0.0115519973139686,-0.196422637464997,0.173318642837059,FALSE
"2004",0.0143434343434343,0.461993068510923,0.0190575834466133,-0.0119892770391198,-0.196859917190148,0.172881363111908,FALSE
"2004",0.0145454545454545,0.461993068510923,0.0190575834466133,-0.012426556764271,-0.197297196915299,0.172444083386757,FALSE
"2004",0.0147474747474747,0.461993068510923,0.0190575834466133,-0.0128638364894222,-0.19773447664045,0.172006803661606,FALSE
"2004",0.0149494949494949,0.461993068510923,0.0190575834466133,-0.0133011162145733,-0.198171756365601,0.171569523936455,FALSE
"2004",0.0151515151515152,0.461993068510923,0.0190575834466133,-0.0137383959397245,-0.198609036090752,0.171132244211303,FALSE
"2004",0.0153535353535354,0.461993068510923,0.0190575834466133,-0.0141756756648757,-0.199046315815904,0.170694964486152,FALSE
"2004",0.0155555555555556,0.461993068510923,0.0190575834466133,-0.0146129553900268,-0.199483595541055,0.170257684761001,FALSE
"2004",0.0157575757575758,0.461993068510923,0.0190575834466133,-0.015050235115178,-0.199920875266206,0.16982040503585,FALSE
"2004",0.015959595959596,0.461993068510923,0.0190575834466133,-0.0154875148403292,-0.200358154991357,0.169383125310699,FALSE
"2004",0.0161616161616162,0.461993068510923,0.0190575834466133,-0.0159247945654803,-0.200795434716508,0.168945845585548,FALSE
"2004",0.0163636363636364,0.461993068510923,0.0190575834466133,-0.0163620742906315,-0.201232714441659,0.168508565860396,FALSE
"2004",0.0165656565656566,0.461993068510923,0.0190575834466133,-0.0167993540157827,-0.201669994166811,0.168071286135245,FALSE
"2004",0.0167676767676768,0.461993068510923,0.0190575834466133,-0.0172366337409339,-0.202107273891962,0.167634006410094,FALSE
"2004",0.016969696969697,0.461993068510923,0.0190575834466133,-0.017673913466085,-0.202544553617113,0.167196726684943,FALSE
"2004",0.0171717171717172,0.461993068510923,0.0190575834466133,-0.0181111931912362,-0.202981833342264,0.166759446959792,FALSE
"2004",0.0173737373737374,0.461993068510923,0.0190575834466133,-0.0185484729163874,-0.203419113067415,0.166322167234641,FALSE
"2004",0.0175757575757576,0.461993068510923,0.0190575834466133,-0.0189857526415385,-0.203856392792566,0.165884887509489,FALSE
"2004",0.0177777777777778,0.461993068510923,0.0190575834466133,-0.0194230323666897,-0.204293672517718,0.165447607784338,FALSE
"2004",0.017979797979798,0.461993068510923,0.0190575834466133,-0.0198603120918409,-0.204730952242869,0.165010328059187,FALSE
"2004",0.0181818181818182,0.461993068510923,0.0190575834466133,-0.020297591816992,-0.20516823196802,0.164573048334036,FALSE
"2004",0.0183838383838384,0.461993068510923,0.0190575834466133,-0.0207348715421432,-0.205605511693171,0.164135768608885,FALSE
"2004",0.0185858585858586,0.461993068510923,0.0190575834466133,-0.0211721512672944,-0.206042791418322,0.163698488883734,FALSE
"2004",0.0187878787878788,0.461993068510923,0.0190575834466133,-0.0216094309924456,-0.206480071143473,0.163261209158582,FALSE
"2004",0.018989898989899,0.461993068510923,0.0190575834466133,-0.0220467107175967,-0.206917350868625,0.162823929433431,FALSE
"2004",0.0191919191919192,0.461993068510923,0.0190575834466133,-0.0224839904427479,-0.207354630593776,0.16238664970828,FALSE
"2004",0.0193939393939394,0.461993068510923,0.0190575834466133,-0.0229212701678991,-0.207791910318927,0.161949369983129,FALSE
"2004",0.0195959595959596,0.461993068510923,0.0190575834466133,-0.0233585498930502,-0.208229190044078,0.161512090257978,FALSE
"2004",0.0197979797979798,0.461993068510923,0.0190575834466133,-0.0237958296182014,-0.208666469769229,0.161074810532827,FALSE
"2004",0.02,0.461993068510923,0.0190575834466133,-0.0242331093433526,-0.20910374949438,0.160637530807675,FALSE
"2011",0,0.348269840187398,0.010961859828867,0.010961859828867,-0.100410956310081,0.122334675967815,FALSE
"2011",0.000202020202020202,0.348269840187398,0.010961859828867,0.0103817917933704,-0.100991024345578,0.121754607932319,FALSE
"2011",0.000404040404040404,0.348269840187398,0.010961859828867,0.00980172375787389,-0.101571092381074,0.121174539896822,FALSE
"2011",0.000606060606060606,0.348269840187398,0.010961859828867,0.00922165572237734,-0.102151160416571,0.120594471861326,FALSE
"2011",0.000808080808080808,0.348269840187398,0.010961859828867,0.00864158768688079,-0.102731228452067,0.120014403825829,FALSE
"2011",0.00101010101010101,0.348269840187398,0.010961859828867,0.00806151965138424,-0.103311296487564,0.119434335790332,FALSE
"2011",0.00121212121212121,0.348269840187398,0.010961859828867,0.00748145161588768,-0.103891364523061,0.118854267754836,FALSE
"2011",0.00141414141414141,0.348269840187398,0.010961859828867,0.00690138358039113,-0.104471432558557,0.118274199719339,FALSE
"2011",0.00161616161616162,0.348269840187398,0.010961859828867,0.00632131554489458,-0.105051500594054,0.117694131683843,FALSE
"2011",0.00181818181818182,0.348269840187398,0.010961859828867,0.00574124750939803,-0.10563156862955,0.117114063648346,FALSE
"2011",0.00202020202020202,0.348269840187398,0.010961859828867,0.00516117947390148,-0.106211636665047,0.11653399561285,FALSE
"2011",0.00222222222222222,0.348269840187398,0.010961859828867,0.00458111143840493,-0.106791704700543,0.115953927577353,FALSE
"2011",0.00242424242424242,0.348269840187398,0.010961859828867,0.00400104340290838,-0.10737177273604,0.115373859541857,FALSE
"2011",0.00262626262626263,0.348269840187398,0.010961859828867,0.00342097536741183,-0.107951840771536,0.11479379150636,FALSE
"2011",0.00282828282828283,0.348269840187398,0.010961859828867,0.00284090733191527,-0.108531908807033,0.114213723470864,FALSE
"2011",0.00303030303030303,0.348269840187398,0.010961859828867,0.00226083929641873,-0.10911197684253,0.113633655435367,FALSE
"2011",0.00323232323232323,0.348269840187398,0.010961859828867,0.00168077126092217,-0.109692044878026,0.11305358739987,FALSE
"2011",0.00343434343434343,0.348269840187398,0.010961859828867,0.00110070322542562,-0.110272112913523,0.112473519364374,FALSE
"2011",0.00363636363636364,0.348269840187398,0.010961859828867,0.000520635189929071,-0.110852180949019,0.111893451328877,FALSE
"2011",0.00383838383838384,0.348269840187398,0.010961859828867,-5.94328455674805e-05,-0.111432248984516,0.111313383293381,FALSE
"2011",0.00404040404040404,0.348269840187398,0.010961859828867,-0.00063950088106403,-0.112012317020012,0.110733315257884,FALSE
"2011",0.00424242424242424,0.348269840187398,0.010961859828867,-0.00121956891656058,-0.112592385055509,0.110153247222388,FALSE
"2011",0.00444444444444444,0.348269840187398,0.010961859828867,-0.00179963695205713,-0.113172453091005,0.109573179186891,FALSE
"2011",0.00464646464646465,0.348269840187398,0.010961859828867,-0.00237970498755369,-0.113752521126502,0.108993111151395,FALSE
"2011",0.00484848484848485,0.348269840187398,0.010961859828867,-0.00295977302305024,-0.114332589161998,0.108413043115898,FALSE
"2011",0.00505050505050505,0.348269840187398,0.010961859828867,-0.00353984105854679,-0.114912657197495,0.107832975080401,FALSE
"2011",0.00525252525252525,0.348269840187398,0.010961859828867,-0.00411990909404334,-0.115492725232992,0.107252907044905,FALSE
"2011",0.00545454545454545,0.348269840187398,0.010961859828867,-0.00469997712953989,-0.116072793268488,0.106672839009408,FALSE
"2011",0.00565656565656566,0.348269840187398,0.010961859828867,-0.00528004516503644,-0.116652861303985,0.106092770973912,FALSE
"2011",0.00585858585858586,0.348269840187398,0.010961859828867,-0.00586011320053299,-0.117232929339481,0.105512702938415,FALSE
"2011",0.00606060606060606,0.348269840187398,0.010961859828867,-0.00644018123602954,-0.117812997374978,0.104932634902919,FALSE
"2011",0.00626262626262626,0.348269840187398,0.010961859828867,-0.00702024927152609,-0.118393065410474,0.104352566867422,FALSE
"2011",0.00646464646464646,0.348269840187398,0.010961859828867,-0.00760031730702264,-0.118973133445971,0.103772498831926,FALSE
"2011",0.00666666666666667,0.348269840187398,0.010961859828867,-0.00818038534251919,-0.119553201481467,0.103192430796429,FALSE
"2011",0.00686868686868687,0.348269840187398,0.010961859828867,-0.00876045337801575,-0.120133269516964,0.102612362760932,FALSE
"2011",0.00707070707070707,0.348269840187398,0.010961859828867,-0.0093405214135123,-0.120713337552461,0.102032294725436,FALSE
"2011",0.00727272727272727,0.348269840187398,0.010961859828867,-0.00992058944900885,-0.121293405587957,0.101452226689939,FALSE
"2011",0.00747474747474747,0.348269840187398,0.010961859828867,-0.0105006574845054,-0.121873473623454,0.100872158654443,FALSE
"2011",0.00767676767676768,0.348269840187398,0.010961859828867,-0.011080725520002,-0.12245354165895,0.100292090618946,FALSE
"2011",0.00787878787878788,0.348269840187398,0.010961859828867,-0.0116607935554985,-0.123033609694447,0.0997120225834497,FALSE
"2011",0.00808080808080808,0.348269840187398,0.010961859828867,-0.0122408615909951,-0.123613677729943,0.0991319545479532,FALSE
"2011",0.00828282828282828,0.348269840187398,0.010961859828867,-0.0128209296264916,-0.12419374576544,0.0985518865124566,FALSE
"2011",0.00848484848484848,0.348269840187398,0.010961859828867,-0.0134009976619882,-0.124773813800936,0.0979718184769601,FALSE
"2011",0.00868686868686869,0.348269840187398,0.010961859828867,-0.0139810656974847,-0.125353881836433,0.0973917504414635,FALSE
"2011",0.00888888888888889,0.348269840187398,0.010961859828867,-0.0145611337329813,-0.125933949871929,0.096811682405967,FALSE
"2011",0.00909090909090909,0.348269840187398,0.010961859828867,-0.0151412017684778,-0.126514017907426,0.0962316143704704,FALSE
"2011",0.00929292929292929,0.348269840187398,0.010961859828867,-0.0157212698039744,-0.127094085942923,0.0956515463349739,FALSE
"2011",0.0094949494949495,0.348269840187398,0.010961859828867,-0.0163013378394709,-0.127674153978419,0.0950714782994773,FALSE
"2011",0.0096969696969697,0.348269840187398,0.010961859828867,-0.0168814058749675,-0.128254222013916,0.0944914102639808,FALSE
"2011",0.0098989898989899,0.348269840187398,0.010961859828867,-0.017461473910464,-0.128834290049412,0.0939113422284842,FALSE
"2011",0.0101010101010101,0.348269840187398,0.010961859828867,-0.0180415419459606,-0.129414358084909,0.0933312741929877,FALSE
"2011",0.0103030303030303,0.348269840187398,0.010961859828867,-0.0186216099814571,-0.129994426120405,0.0927512061574911,FALSE
"2011",0.0105050505050505,0.348269840187398,0.010961859828867,-0.0192016780169537,-0.130574494155902,0.0921711381219946,FALSE
"2011",0.0107070707070707,0.348269840187398,0.010961859828867,-0.0197817460524502,-0.131154562191398,0.091591070086498,FALSE
"2011",0.0109090909090909,0.348269840187398,0.010961859828867,-0.0203618140879468,-0.131734630226895,0.0910110020510015,FALSE
"2011",0.0111111111111111,0.348269840187398,0.010961859828867,-0.0209418821234433,-0.132314698262392,0.0904309340155049,FALSE
"2011",0.0113131313131313,0.348269840187398,0.010961859828867,-0.0215219501589399,-0.132894766297888,0.0898508659800084,FALSE
"2011",0.0115151515151515,0.348269840187398,0.010961859828867,-0.0221020181944364,-0.133474834333385,0.0892707979445118,FALSE
"2011",0.0117171717171717,0.348269840187398,0.010961859828867,-0.022682086229933,-0.134054902368881,0.0886907299090152,FALSE
"2011",0.0119191919191919,0.348269840187398,0.010961859828867,-0.0232621542654295,-0.134634970404378,0.0881106618735187,FALSE
"2011",0.0121212121212121,0.348269840187398,0.010961859828867,-0.0238422223009261,-0.135215038439874,0.0875305938380222,FALSE
"2011",0.0123232323232323,0.348269840187398,0.010961859828867,-0.0244222903364226,-0.135795106475371,0.0869505258025256,FALSE
"2011",0.0125252525252525,0.348269840187398,0.010961859828867,-0.0250023583719192,-0.136375174510867,0.086370457767029,FALSE
"2011",0.0127272727272727,0.348269840187398,0.010961859828867,-0.0255824264074157,-0.136955242546364,0.0857903897315325,FALSE
"2011",0.0129292929292929,0.348269840187398,0.010961859828867,-0.0261624944429123,-0.13753531058186,0.085210321696036,FALSE
"2011",0.0131313131313131,0.348269840187398,0.010961859828867,-0.0267425624784088,-0.138115378617357,0.0846302536605394,FALSE
"2011",0.0133333333333333,0.348269840187398,0.010961859828867,-0.0273226305139054,-0.138695446652854,0.0840501856250429,FALSE
"2011",0.0135353535353535,0.348269840187398,0.010961859828867,-0.0279026985494019,-0.13927551468835,0.0834701175895463,FALSE
"2011",0.0137373737373737,0.348269840187398,0.010961859828867,-0.0284827665848985,-0.139855582723847,0.0828900495540497,FALSE
"2011",0.0139393939393939,0.348269840187398,0.010961859828867,-0.029062834620395,-0.140435650759343,0.0823099815185532,FALSE
"2011",0.0141414141414141,0.348269840187398,0.010961859828867,-0.0296429026558916,-0.14101571879484,0.0817299134830566,FALSE
"2011",0.0143434343434343,0.348269840187398,0.010961859828867,-0.0302229706913881,-0.141595786830336,0.0811498454475601,FALSE
"2011",0.0145454545454545,0.348269840187398,0.010961859828867,-0.0308030387268847,-0.142175854865833,0.0805697774120635,FALSE
"2011",0.0147474747474747,0.348269840187398,0.010961859828867,-0.0313831067623812,-0.142755922901329,0.079989709376567,FALSE
"2011",0.0149494949494949,0.348269840187398,0.010961859828867,-0.0319631747978778,-0.143335990936826,0.0794096413410704,FALSE
"2011",0.0151515151515152,0.348269840187398,0.010961859828867,-0.0325432428333743,-0.143916058972323,0.0788295733055739,FALSE
"2011",0.0153535353535354,0.348269840187398,0.010961859828867,-0.0331233108688709,-0.144496127007819,0.0782495052700773,FALSE
"2011",0.0155555555555556,0.348269840187398,0.010961859828867,-0.0337033789043674,-0.145076195043316,0.0776694372345808,FALSE
"2011",0.0157575757575758,0.348269840187398,0.010961859828867,-0.034283446939864,-0.145656263078812,0.0770893691990842,FALSE
"2011",0.015959595959596,0.348269840187398,0.010961859828867,-0.0348635149753605,-0.146236331114309,0.0765093011635877,FALSE
"2011",0.0161616161616162,0.348269840187398,0.010961859828867,-0.0354435830108571,-0.146816399149805,0.0759292331280911,FALSE
"2011",0.0163636363636364,0.348269840187398,0.010961859828867,-0.0360236510463537,-0.147396467185302,0.0753491650925946,FALSE
"2011",0.0165656565656566,0.348269840187398,0.010961859828867,-0.0366037190818502,-0.147976535220798,0.074769097057098,FALSE
"2011",0.0167676767676768,0.348269840187398,0.010961859828867,-0.0371837871173468,-0.148556603256295,0.0741890290216015,FALSE
"2011",0.016969696969697,0.348269840187398,0.010961859828867,-0.0377638551528433,-0.149136671291792,0.0736089609861049,FALSE
"2011",0.0171717171717172,0.348269840187398,0.010961859828867,-0.0383439231883399,-0.149716739327288,0.0730288929506084,FALSE
"2011",0.0173737373737374,0.348269840187398,0.010961859828867,-0.0389239912238364,-0.150296807362785,0.0724488249151118,FALSE
"2011",0.0175757575757576,0.348269840187398,0.010961859828867,-0.039504059259333,-0.150876875398281,0.0718687568796153,FALSE
"2011",0.0177777777777778,0.348269840187398,0.010961859828867,-0.0400841272948295,-0.151456943433778,0.0712886888441187,FALSE
"2011",0.017979797979798,0.348269840187398,0.010961859828867,-0.0406641953303261,-0.152037011469274,0.0707086208086222,FALSE
"2011",0.0181818181818182,0.348269840187398,0.010961859828867,-0.0412442633658226,-0.152617079504771,0.0701285527731256,FALSE
"2011",0.0183838383838384,0.348269840187398,0.010961859828867,-0.0418243314013192,-0.153197147540267,0.0695484847376291,FALSE
"2011",0.0185858585858586,0.348269840187398,0.010961859828867,-0.0424043994368157,-0.153777215575764,0.0689684167021325,FALSE
"2011",0.0187878787878788,0.348269840187398,0.010961859828867,-0.0429844674723123,-0.15435728361126,0.068388348666636,FALSE
"2011",0.018989898989899,0.348269840187398,0.010961859828867,-0.0435645355078088,-0.154937351646757,0.0678082806311394,FALSE
"2011",0.0191919191919192,0.348269840187398,0.010961859828867,-0.0441446035433054,-0.155517419682254,0.0672282125956429,FALSE
"2011",0.0193939393939394,0.348269840187398,0.010961859828867,-0.0447246715788019,-0.15609748771775,0.0666481445601463,FALSE
"2011",0.0195959595959596,0.348269840187398,0.010961859828867,-0.0453047396142985,-0.156677555753247,0.0660680765246498,FALSE
"2011",0.0197979797979798,0.348269840187398,0.010961859828867,-0.045884807649795,-0.157257623788743,0.0654880084891532,FALSE
"2011",0.02,0.348269840187398,0.010961859828867,-0.0464648756852916,-0.15783769182424,0.0649079404536567,FALSE
"2017-2018",0,0.342022913627723,0.0355549798547696,0.0355549798547696,-0.0385435905797736,0.109653550289313,FALSE
"2017-2018",0.000202020202020202,0.342022913627723,0.0355549798547696,0.034964317083444,-0.0391342533510992,0.109062887517987,FALSE
"2017-2018",0.000404040404040404,0.342022913627723,0.0355549798547696,0.0343736543121184,-0.0397249161224248,0.108472224746662,FALSE
"2017-2018",0.000606060606060606,0.342022913627723,0.0355549798547696,0.0337829915407928,-0.0403155788937503,0.107881561975336,FALSE
"2017-2018",0.000808080808080808,0.342022913627723,0.0355549798547696,0.0331923287694673,-0.0409062416650759,0.10729089920401,FALSE
"2017-2018",0.00101010101010101,0.342022913627723,0.0355549798547696,0.0326016659981417,-0.0414969044364015,0.106700236432685,FALSE
"2017-2018",0.00121212121212121,0.342022913627723,0.0355549798547696,0.0320110032268161,-0.0420875672077271,0.106109573661359,FALSE
"2017-2018",0.00141414141414141,0.342022913627723,0.0355549798547696,0.0314203404554905,-0.0426782299790527,0.105518910890034,FALSE
"2017-2018",0.00161616161616162,0.342022913627723,0.0355549798547696,0.0308296776841649,-0.0432688927503783,0.104928248118708,FALSE
"2017-2018",0.00181818181818182,0.342022913627723,0.0355549798547696,0.0302390149128393,-0.0438595555217038,0.104337585347383,FALSE
"2017-2018",0.00202020202020202,0.342022913627723,0.0355549798547696,0.0296483521415137,-0.0444502182930294,0.103746922576057,FALSE
"2017-2018",0.00222222222222222,0.342022913627723,0.0355549798547696,0.0290576893701882,-0.045040881064355,0.103156259804731,FALSE
"2017-2018",0.00242424242424242,0.342022913627723,0.0355549798547696,0.0284670265988626,-0.0456315438356806,0.102565597033406,FALSE
"2017-2018",0.00262626262626263,0.342022913627723,0.0355549798547696,0.027876363827537,-0.0462222066070062,0.10197493426208,FALSE
"2017-2018",0.00282828282828283,0.342022913627723,0.0355549798547696,0.0272857010562114,-0.0468128693783318,0.101384271490755,FALSE
"2017-2018",0.00303030303030303,0.342022913627723,0.0355549798547696,0.0266950382848858,-0.0474035321496574,0.100793608719429,FALSE
"2017-2018",0.00323232323232323,0.342022913627723,0.0355549798547696,0.0261043755135602,-0.0479941949209829,0.100202945948103,FALSE
"2017-2018",0.00343434343434343,0.342022913627723,0.0355549798547696,0.0255137127422347,-0.0485848576923085,0.0996122831767778,FALSE
"2017-2018",0.00363636363636364,0.342022913627723,0.0355549798547696,0.0249230499709091,-0.0491755204636341,0.0990216204054523,FALSE
"2017-2018",0.00383838383838384,0.342022913627723,0.0355549798547696,0.0243323871995835,-0.0497661832349597,0.0984309576341267,FALSE
"2017-2018",0.00404040404040404,0.342022913627723,0.0355549798547696,0.0237417244282579,-0.0503568460062853,0.0978402948628011,FALSE
"2017-2018",0.00424242424242424,0.342022913627723,0.0355549798547696,0.0231510616569323,-0.0509475087776109,0.0972496320914755,FALSE
"2017-2018",0.00444444444444444,0.342022913627723,0.0355549798547696,0.0225603988856067,-0.0515381715489365,0.0966589693201499,FALSE
"2017-2018",0.00464646464646465,0.342022913627723,0.0355549798547696,0.0219697361142811,-0.052128834320262,0.0960683065488243,FALSE
"2017-2018",0.00484848484848485,0.342022913627723,0.0355549798547696,0.0213790733429556,-0.0527194970915876,0.0954776437774987,FALSE
"2017-2018",0.00505050505050505,0.342022913627723,0.0355549798547696,0.02078841057163,-0.0533101598629132,0.0948869810061732,FALSE
"2017-2018",0.00525252525252525,0.342022913627723,0.0355549798547696,0.0201977478003044,-0.0539008226342388,0.0942963182348476,FALSE
"2017-2018",0.00545454545454545,0.342022913627723,0.0355549798547696,0.0196070850289788,-0.0544914854055644,0.093705655463522,FALSE
"2017-2018",0.00565656565656566,0.342022913627723,0.0355549798547696,0.0190164222576532,-0.05508214817689,0.0931149926921964,FALSE
"2017-2018",0.00585858585858586,0.342022913627723,0.0355549798547696,0.0184257594863276,-0.0556728109482155,0.0925243299208708,FALSE
"2017-2018",0.00606060606060606,0.342022913627723,0.0355549798547696,0.0178350967150021,-0.0562634737195411,0.0919336671495452,FALSE
"2017-2018",0.00626262626262626,0.342022913627723,0.0355549798547696,0.0172444339436765,-0.0568541364908667,0.0913430043782197,FALSE
"2017-2018",0.00646464646464646,0.342022913627723,0.0355549798547696,0.0166537711723509,-0.0574447992621923,0.0907523416068941,FALSE
"2017-2018",0.00666666666666667,0.342022913627723,0.0355549798547696,0.0160631084010253,-0.0580354620335179,0.0901616788355685,FALSE
"2017-2018",0.00686868686868687,0.342022913627723,0.0355549798547696,0.0154724456296997,-0.0586261248048435,0.0895710160642429,FALSE
"2017-2018",0.00707070707070707,0.342022913627723,0.0355549798547696,0.0148817828583741,-0.059216787576169,0.0889803532929173,FALSE
"2017-2018",0.00727272727272727,0.342022913627723,0.0355549798547696,0.0142911200870485,-0.0598074503474946,0.0883896905215917,FALSE
"2017-2018",0.00747474747474747,0.342022913627723,0.0355549798547696,0.013700457315723,-0.0603981131188202,0.0877990277502661,FALSE
"2017-2018",0.00767676767676768,0.342022913627723,0.0355549798547696,0.0131097945443974,-0.0609887758901458,0.0872083649789406,FALSE
"2017-2018",0.00787878787878788,0.342022913627723,0.0355549798547696,0.0125191317730718,-0.0615794386614714,0.086617702207615,FALSE
"2017-2018",0.00808080808080808,0.342022913627723,0.0355549798547696,0.0119284690017462,-0.062170101432797,0.0860270394362894,FALSE
"2017-2018",0.00828282828282828,0.342022913627723,0.0355549798547696,0.0113378062304206,-0.0627607642041226,0.0854363766649638,FALSE
"2017-2018",0.00848484848484848,0.342022913627723,0.0355549798547696,0.010747143459095,-0.0633514269754481,0.0848457138936382,FALSE
"2017-2018",0.00868686868686869,0.342022913627723,0.0355549798547696,0.0101564806877695,-0.0639420897467737,0.0842550511223126,FALSE
"2017-2018",0.00888888888888889,0.342022913627723,0.0355549798547696,0.00956581791644387,-0.0645327525180993,0.0836643883509871,FALSE
"2017-2018",0.00909090909090909,0.342022913627723,0.0355549798547696,0.00897515514511828,-0.0651234152894249,0.0830737255796615,FALSE
"2017-2018",0.00929292929292929,0.342022913627723,0.0355549798547696,0.0083844923737927,-0.0657140780607505,0.0824830628083359,FALSE
"2017-2018",0.0094949494949495,0.342022913627723,0.0355549798547696,0.00779382960246711,-0.0663047408320761,0.0818924000370103,FALSE
"2017-2018",0.0096969696969697,0.342022913627723,0.0355549798547696,0.00720316683114153,-0.0668954036034017,0.0813017372656847,FALSE
"2017-2018",0.0098989898989899,0.342022913627723,0.0355549798547696,0.00661250405981595,-0.0674860663747272,0.0807110744943591,FALSE
"2017-2018",0.0101010101010101,0.342022913627723,0.0355549798547696,0.00602184128849036,-0.0680767291460528,0.0801204117230335,FALSE
"2017-2018",0.0103030303030303,0.342022913627723,0.0355549798547696,0.00543117851716477,-0.0686673919173784,0.0795297489517079,FALSE
"2017-2018",0.0105050505050505,0.342022913627723,0.0355549798547696,0.00484051574583919,-0.069258054688704,0.0789390861803824,FALSE
"2017-2018",0.0107070707070707,0.342022913627723,0.0355549798547696,0.00424985297451361,-0.0698487174600296,0.0783484234090568,FALSE
"2017-2018",0.0109090909090909,0.342022913627723,0.0355549798547696,0.00365919020318801,-0.0704393802313552,0.0777577606377312,FALSE
"2017-2018",0.0111111111111111,0.342022913627723,0.0355549798547696,0.00306852743186244,-0.0710300430026807,0.0771670978664056,FALSE
"2017-2018",0.0113131313131313,0.342022913627723,0.0355549798547696,0.00247786466053685,-0.0716207057740063,0.07657643509508,FALSE
"2017-2018",0.0115151515151515,0.342022913627723,0.0355549798547696,0.00188720188921127,-0.0722113685453319,0.0759857723237544,FALSE
"2017-2018",0.0117171717171717,0.342022913627723,0.0355549798547696,0.00129653911788568,-0.0728020313166575,0.0753951095524289,FALSE
"2017-2018",0.0119191919191919,0.342022913627723,0.0355549798547696,0.000705876346560094,-0.0733926940879831,0.0748044467811033,FALSE
"2017-2018",0.0121212121212121,0.342022913627723,0.0355549798547696,0.000115213575234509,-0.0739833568593087,0.0742137840097777,FALSE
"2017-2018",0.0123232323232323,0.342022913627723,0.0355549798547696,-0.00047544919609107,-0.0745740196306343,0.0736231212384521,FALSE
"2017-2018",0.0125252525252525,0.342022913627723,0.0355549798547696,-0.00106611196741666,-0.0751646824019598,0.0730324584671265,FALSE
"2017-2018",0.0127272727272727,0.342022913627723,0.0355549798547696,-0.00165677473874225,-0.0757553451732854,0.0724417956958009,FALSE
"2017-2018",0.0129292929292929,0.342022913627723,0.0355549798547696,-0.00224743751006783,-0.076346007944611,0.0718511329244754,FALSE
"2017-2018",0.0131313131313131,0.342022913627723,0.0355549798547696,-0.00283810028139341,-0.0769366707159366,0.0712604701531498,FALSE
"2017-2018",0.0133333333333333,0.342022913627723,0.0355549798547696,-0.003428763052719,-0.0775273334872622,0.0706698073818242,FALSE
"2017-2018",0.0135353535353535,0.342022913627723,0.0355549798547696,-0.00401942582404458,-0.0781179962585878,0.0700791446104986,FALSE
"2017-2018",0.0137373737373737,0.342022913627723,0.0355549798547696,-0.00461008859537017,-0.0787086590299133,0.069488481839173,FALSE
"2017-2018",0.0139393939393939,0.342022913627723,0.0355549798547696,-0.00520075136669575,-0.0792993218012389,0.0688978190678474,FALSE
"2017-2018",0.0141414141414141,0.342022913627723,0.0355549798547696,-0.00579141413802134,-0.0798899845725645,0.0683071562965218,FALSE
"2017-2018",0.0143434343434343,0.342022913627723,0.0355549798547696,-0.00638207690934692,-0.0804806473438901,0.0677164935251963,FALSE
"2017-2018",0.0145454545454545,0.342022913627723,0.0355549798547696,-0.0069727396806725,-0.0810713101152157,0.0671258307538707,FALSE
"2017-2018",0.0147474747474747,0.342022913627723,0.0355549798547696,-0.00756340245199809,-0.0816619728865413,0.0665351679825451,FALSE
"2017-2018",0.0149494949494949,0.342022913627723,0.0355549798547696,-0.00815406522332367,-0.0822526356578669,0.0659445052112195,FALSE
"2017-2018",0.0151515151515152,0.342022913627723,0.0355549798547696,-0.00874472799464926,-0.0828432984291924,0.0653538424398939,FALSE
"2017-2018",0.0153535353535354,0.342022913627723,0.0355549798547696,-0.00933539076597485,-0.083433961200518,0.0647631796685683,FALSE
"2017-2018",0.0155555555555556,0.342022913627723,0.0355549798547696,-0.00992605353730043,-0.0840246239718436,0.0641725168972428,FALSE
"2017-2018",0.0157575757575758,0.342022913627723,0.0355549798547696,-0.010516716308626,-0.0846152867431692,0.0635818541259172,FALSE
"2017-2018",0.015959595959596,0.342022913627723,0.0355549798547696,-0.0111073790799516,-0.0852059495144948,0.0629911913545916,FALSE
"2017-2018",0.0161616161616162,0.342022913627723,0.0355549798547696,-0.0116980418512772,-0.0857966122858204,0.062400528583266,FALSE
"2017-2018",0.0163636363636364,0.342022913627723,0.0355549798547696,-0.0122887046226028,-0.086387275057146,0.0618098658119404,FALSE
"2017-2018",0.0165656565656566,0.342022913627723,0.0355549798547696,-0.0128793673939284,-0.0869779378284715,0.0612192030406148,FALSE
"2017-2018",0.0167676767676768,0.342022913627723,0.0355549798547696,-0.0134700301652539,-0.0875686005997971,0.0606285402692892,FALSE
"2017-2018",0.016969696969697,0.342022913627723,0.0355549798547696,-0.0140606929365795,-0.0881592633711227,0.0600378774979637,FALSE
"2017-2018",0.0171717171717172,0.342022913627723,0.0355549798547696,-0.0146513557079051,-0.0887499261424483,0.0594472147266381,FALSE
"2017-2018",0.0173737373737374,0.342022913627723,0.0355549798547696,-0.0152420184792307,-0.0893405889137739,0.0588565519553125,FALSE
"2017-2018",0.0175757575757576,0.342022913627723,0.0355549798547696,-0.0158326812505563,-0.0899312516850995,0.0582658891839869,FALSE
"2017-2018",0.0177777777777778,0.342022913627723,0.0355549798547696,-0.0164233440218819,-0.090521914456425,0.0576752264126613,FALSE
"2017-2018",0.017979797979798,0.342022913627723,0.0355549798547696,-0.0170140067932074,-0.0911125772277506,0.0570845636413357,FALSE
"2017-2018",0.0181818181818182,0.342022913627723,0.0355549798547696,-0.017604669564533,-0.0917032399990762,0.0564939008700102,FALSE
"2017-2018",0.0183838383838384,0.342022913627723,0.0355549798547696,-0.0181953323358586,-0.0922939027704018,0.0559032380986846,FALSE
"2017-2018",0.0185858585858586,0.342022913627723,0.0355549798547696,-0.0187859951071842,-0.0928845655417274,0.055312575327359,FALSE
"2017-2018",0.0187878787878788,0.342022913627723,0.0355549798547696,-0.0193766578785098,-0.093475228313053,0.0547219125560334,FALSE
"2017-2018",0.018989898989899,0.342022913627723,0.0355549798547696,-0.0199673206498354,-0.0940658910843785,0.0541312497847078,FALSE
"2017-2018",0.0191919191919192,0.342022913627723,0.0355549798547696,-0.0205579834211609,-0.0946565538557041,0.0535405870133822,FALSE
"2017-2018",0.0193939393939394,0.342022913627723,0.0355549798547696,-0.0211486461924865,-0.0952472166270297,0.0529499242420566,FALSE
"2017-2018",0.0195959595959596,0.342022913627723,0.0355549798547696,-0.0217393089638121,-0.0958378793983553,0.0523592614707311,FALSE
"2017-2018",0.0197979797979798,0.342022913627723,0.0355549798547696,-0.0223299717351377,-0.0964285421696809,0.0517685986994055,FALSE
"2017-2018",0.02,0.342022913627723,0.0355549798547696,-0.0229206345064633,-0.0970192049410065,0.0511779359280799,FALSE
"2022",0,0.489496145021174,-0.0152161935797334,-0.0152161935797334,-0.0493710604276413,0.0189386732681745,FALSE
"2022",0.000202020202020202,0.489496145021174,-0.0152161935797334,-0.0156289040863942,-0.0497837709343021,0.0185259627615136,FALSE
"2022",0.000404040404040404,0.489496145021174,-0.0152161935797334,-0.0160416145930551,-0.0501964814409629,0.0181132522548528,FALSE
"2022",0.000606060606060606,0.489496145021174,-0.0152161935797334,-0.0164543250997159,-0.0506091919476237,0.017700541748192,FALSE
"2022",0.000808080808080808,0.489496145021174,-0.0152161935797334,-0.0168670356063767,-0.0510219024542845,0.0172878312415312,FALSE
"2022",0.00101010101010101,0.489496145021174,-0.0152161935797334,-0.0172797461130375,-0.0514346129609454,0.0168751207348704,FALSE
"2022",0.00121212121212121,0.489496145021174,-0.0152161935797334,-0.0176924566196983,-0.0518473234676062,0.0164624102282096,FALSE
"2022",0.00141414141414141,0.489496145021174,-0.0152161935797334,-0.0181051671263591,-0.052260033974267,0.0160496997215488,FALSE
"2022",0.00161616161616162,0.489496145021174,-0.0152161935797334,-0.0185178776330199,-0.0526727444809278,0.015636989214888,FALSE
"2022",0.00181818181818182,0.489496145021174,-0.0152161935797334,-0.0189305881396807,-0.0530854549875886,0.0152242787082272,FALSE
"2022",0.00202020202020202,0.489496145021174,-0.0152161935797334,-0.0193432986463415,-0.0534981654942494,0.0148115682015664,FALSE
"2022",0.00222222222222222,0.489496145021174,-0.0152161935797334,-0.0197560091530023,-0.0539108760009102,0.0143988576949055,FALSE
"2022",0.00242424242424242,0.489496145021174,-0.0152161935797334,-0.0201687196596631,-0.054323586507571,0.0139861471882447,FALSE
"2022",0.00262626262626263,0.489496145021174,-0.0152161935797334,-0.020581430166324,-0.0547362970142318,0.0135734366815839,FALSE
"2022",0.00282828282828283,0.489496145021174,-0.0152161935797334,-0.0209941406729848,-0.0551490075208926,0.0131607261749231,FALSE
"2022",0.00303030303030303,0.489496145021174,-0.0152161935797334,-0.0214068511796456,-0.0555617180275535,0.0127480156682623,FALSE
"2022",0.00323232323232323,0.489496145021174,-0.0152161935797334,-0.0218195616863064,-0.0559744285342143,0.0123353051616015,FALSE
"2022",0.00343434343434343,0.489496145021174,-0.0152161935797334,-0.0222322721929672,-0.0563871390408751,0.0119225946549407,FALSE
"2022",0.00363636363636364,0.489496145021174,-0.0152161935797334,-0.022644982699628,-0.0567998495475359,0.0115098841482799,FALSE
"2022",0.00383838383838384,0.489496145021174,-0.0152161935797334,-0.0230576932062888,-0.0572125600541967,0.0110971736416191,FALSE
"2022",0.00404040404040404,0.489496145021174,-0.0152161935797334,-0.0234704037129496,-0.0576252705608575,0.0106844631349583,FALSE
"2022",0.00424242424242424,0.489496145021174,-0.0152161935797334,-0.0238831142196104,-0.0580379810675183,0.0102717526282975,FALSE
"2022",0.00444444444444444,0.489496145021174,-0.0152161935797334,-0.0242958247262712,-0.0584506915741791,0.00985904212163664,FALSE
"2022",0.00464646464646465,0.489496145021174,-0.0152161935797334,-0.0247085352329321,-0.0588634020808399,0.00944633161497583,FALSE
"2022",0.00484848484848485,0.489496145021174,-0.0152161935797334,-0.0251212457395929,-0.0592761125875007,0.00903362110831502,FALSE
"2022",0.00505050505050505,0.489496145021174,-0.0152161935797334,-0.0255339562462537,-0.0596888230941616,0.00862091060165421,FALSE
"2022",0.00525252525252525,0.489496145021174,-0.0152161935797334,-0.0259466667529145,-0.0601015336008224,0.0082082000949934,FALSE
"2022",0.00545454545454545,0.489496145021174,-0.0152161935797334,-0.0263593772595753,-0.0605142441074832,0.00779548958833259,FALSE
"2022",0.00565656565656566,0.489496145021174,-0.0152161935797334,-0.0267720877662361,-0.060926954614144,0.00738277908167178,FALSE
"2022",0.00585858585858586,0.489496145021174,-0.0152161935797334,-0.0271847982728969,-0.0613396651208048,0.00697006857501097,FALSE
"2022",0.00606060606060606,0.489496145021174,-0.0152161935797334,-0.0275975087795577,-0.0617523756274656,0.00655735806835016,FALSE
"2022",0.00626262626262626,0.489496145021174,-0.0152161935797334,-0.0280102192862185,-0.0621650861341264,0.00614464756168935,FALSE
"2022",0.00646464646464646,0.489496145021174,-0.0152161935797334,-0.0284229297928793,-0.0625777966407872,0.00573193705502854,FALSE
"2022",0.00666666666666667,0.489496145021174,-0.0152161935797334,-0.0288356402995401,-0.062990507147448,0.00531922654836774,FALSE
"2022",0.00686868686868687,0.489496145021174,-0.0152161935797334,-0.029248350806201,-0.0634032176541088,0.00490651604170692,FALSE
"2022",0.00707070707070707,0.489496145021174,-0.0152161935797334,-0.0296610613128618,-0.0638159281607696,0.00449380553504612,FALSE
"2022",0.00727272727272727,0.489496145021174,-0.0152161935797334,-0.0300737718195226,-0.0642286386674305,0.0040810950283853,FALSE
"2022",0.00747474747474747,0.489496145021174,-0.0152161935797334,-0.0304864823261834,-0.0646413491740913,0.00366838452172449,FALSE
"2022",0.00767676767676768,0.489496145021174,-0.0152161935797334,-0.0308991928328442,-0.0650540596807521,0.00325567401506369,FALSE
"2022",0.00787878787878788,0.489496145021174,-0.0152161935797334,-0.031311903339505,-0.0654667701874129,0.00284296350840287,FALSE
"2022",0.00808080808080808,0.489496145021174,-0.0152161935797334,-0.0317246138461658,-0.0658794806940737,0.00243025300174207,FALSE
"2022",0.00828282828282828,0.489496145021174,-0.0152161935797334,-0.0321373243528266,-0.0662921912007345,0.00201754249508126,FALSE
"2022",0.00848484848484848,0.489496145021174,-0.0152161935797334,-0.0325500348594874,-0.0667049017073953,0.00160483198842045,FALSE
"2022",0.00868686868686869,0.489496145021174,-0.0152161935797334,-0.0329627453661482,-0.0671176122140561,0.00119212148175964,FALSE
"2022",0.00888888888888889,0.489496145021174,-0.0152161935797334,-0.0333754558728091,-0.0675303227207169,0.000779410975098829,FALSE
"2022",0.00909090909090909,0.489496145021174,-0.0152161935797334,-0.0337881663794699,-0.0679430332273777,0.000366700468438022,FALSE
"2022",0.00929292929292929,0.489496145021174,-0.0152161935797334,-0.0342008768861307,-0.0683557437340385,-4.60100382227921e-05,TRUE
"2022",0.0094949494949495,0.489496145021174,-0.0152161935797334,-0.0346135873927915,-0.0687684542406994,-0.000458720544883599,TRUE
"2022",0.0096969696969697,0.489496145021174,-0.0152161935797334,-0.0350262978994523,-0.0691811647473602,-0.000871431051544407,TRUE
"2022",0.0098989898989899,0.489496145021174,-0.0152161935797334,-0.0354390084061131,-0.069593875254021,-0.00128414155820522,TRUE
"2022",0.0101010101010101,0.489496145021174,-0.0152161935797334,-0.0358517189127739,-0.0700065857606818,-0.00169685206486603,TRUE
"2022",0.0103030303030303,0.489496145021174,-0.0152161935797334,-0.0362644294194347,-0.0704192962673426,-0.00210956257152684,TRUE
"2022",0.0105050505050505,0.489496145021174,-0.0152161935797334,-0.0366771399260955,-0.0708320067740034,-0.00252227307818765,TRUE
"2022",0.0107070707070707,0.489496145021174,-0.0152161935797334,-0.0370898504327563,-0.0712447172806642,-0.00293498358484846,TRUE
"2022",0.0109090909090909,0.489496145021174,-0.0152161935797334,-0.0375025609394172,-0.071657427787325,-0.00334769409150927,TRUE
"2022",0.0111111111111111,0.489496145021174,-0.0152161935797334,-0.037915271446078,-0.0720701382939858,-0.00376040459817008,TRUE
"2022",0.0113131313131313,0.489496145021174,-0.0152161935797334,-0.0383279819527388,-0.0724828488006466,-0.00417311510483089,TRUE
"2022",0.0115151515151515,0.489496145021174,-0.0152161935797334,-0.0387406924593996,-0.0728955593073075,-0.00458582561149169,TRUE
"2022",0.0117171717171717,0.489496145021174,-0.0152161935797334,-0.0391534029660604,-0.0733082698139683,-0.00499853611815251,TRUE
"2022",0.0119191919191919,0.489496145021174,-0.0152161935797334,-0.0395661134727212,-0.0737209803206291,-0.00541124662481331,TRUE
"2022",0.0121212121212121,0.489496145021174,-0.0152161935797334,-0.039978823979382,-0.0741336908272899,-0.00582395713147413,TRUE
"2022",0.0123232323232323,0.489496145021174,-0.0152161935797334,-0.0403915344860428,-0.0745464013339507,-0.00623666763813494,TRUE
"2022",0.0125252525252525,0.489496145021174,-0.0152161935797334,-0.0408042449927036,-0.0749591118406115,-0.00664937814479574,TRUE
"2022",0.0127272727272727,0.489496145021174,-0.0152161935797334,-0.0412169554993644,-0.0753718223472723,-0.00706208865145656,TRUE
"2022",0.0129292929292929,0.489496145021174,-0.0152161935797334,-0.0416296660060252,-0.0757845328539331,-0.00747479915811736,TRUE
"2022",0.0131313131313131,0.489496145021174,-0.0152161935797334,-0.0420423765126861,-0.0761972433605939,-0.00788750966477817,TRUE
"2022",0.0133333333333333,0.489496145021174,-0.0152161935797334,-0.0424550870193469,-0.0766099538672547,-0.00830022017143898,TRUE
"2022",0.0135353535353535,0.489496145021174,-0.0152161935797334,-0.0428677975260077,-0.0770226643739156,-0.00871293067809979,TRUE
"2022",0.0137373737373737,0.489496145021174,-0.0152161935797334,-0.0432805080326685,-0.0774353748805764,-0.0091256411847606,TRUE
"2022",0.0139393939393939,0.489496145021174,-0.0152161935797334,-0.0436932185393293,-0.0778480853872372,-0.00953835169142141,TRUE
"2022",0.0141414141414141,0.489496145021174,-0.0152161935797334,-0.0441059290459901,-0.078260795893898,-0.00995106219808222,TRUE
"2022",0.0143434343434343,0.489496145021174,-0.0152161935797334,-0.0445186395526509,-0.0786735064005588,-0.010363772704743,TRUE
"2022",0.0145454545454545,0.489496145021174,-0.0152161935797334,-0.0449313500593117,-0.0790862169072196,-0.0107764832114038,TRUE
"2022",0.0147474747474747,0.489496145021174,-0.0152161935797334,-0.0453440605659725,-0.0794989274138804,-0.0111891937180646,TRUE
"2022",0.0149494949494949,0.489496145021174,-0.0152161935797334,-0.0457567710726333,-0.0799116379205412,-0.0116019042247255,TRUE
"2022",0.0151515151515152,0.489496145021174,-0.0152161935797334,-0.0461694815792942,-0.080324348427202,-0.0120146147313863,TRUE
"2022",0.0153535353535354,0.489496145021174,-0.0152161935797334,-0.046582192085955,-0.0807370589338628,-0.0124273252380471,TRUE
"2022",0.0155555555555556,0.489496145021174,-0.0152161935797334,-0.0469949025926158,-0.0811497694405237,-0.0128400357447079,TRUE
"2022",0.0157575757575758,0.489496145021174,-0.0152161935797334,-0.0474076130992766,-0.0815624799471845,-0.0132527462513687,TRUE
"2022",0.015959595959596,0.489496145021174,-0.0152161935797334,-0.0478203236059374,-0.0819751904538453,-0.0136654567580295,TRUE
"2022",0.0161616161616162,0.489496145021174,-0.0152161935797334,-0.0482330341125982,-0.0823879009605061,-0.0140781672646903,TRUE
"2022",0.0163636363636364,0.489496145021174,-0.0152161935797334,-0.048645744619259,-0.0828006114671669,-0.0144908777713511,TRUE
"2022",0.0165656565656566,0.489496145021174,-0.0152161935797334,-0.0490584551259198,-0.0832133219738277,-0.0149035882780119,TRUE
"2022",0.0167676767676768,0.489496145021174,-0.0152161935797334,-0.0494711656325806,-0.0836260324804885,-0.0153162987846727,TRUE
"2022",0.016969696969697,0.489496145021174,-0.0152161935797334,-0.0498838761392414,-0.0840387429871493,-0.0157290092913335,TRUE
"2022",0.0171717171717172,0.489496145021174,-0.0152161935797334,-0.0502965866459022,-0.0844514534938101,-0.0161417197979944,TRUE
"2022",0.0173737373737374,0.489496145021174,-0.0152161935797334,-0.0507092971525631,-0.0848641640004709,-0.0165544303046552,TRUE
"2022",0.0175757575757576,0.489496145021174,-0.0152161935797334,-0.0511220076592239,-0.0852768745071317,-0.016967140811316,TRUE
"2022",0.0177777777777778,0.489496145021174,-0.0152161935797334,-0.0515347181658847,-0.0856895850137926,-0.0173798513179768,TRUE
"2022",0.017979797979798,0.489496145021174,-0.0152161935797334,-0.0519474286725455,-0.0861022955204534,-0.0177925618246376,TRUE
"2022",0.0181818181818182,0.489496145021174,-0.0152161935797334,-0.0523601391792063,-0.0865150060271142,-0.0182052723312984,TRUE
"2022",0.0183838383838384,0.489496145021174,-0.0152161935797334,-0.0527728496858671,-0.086927716533775,-0.0186179828379592,TRUE
"2022",0.0185858585858586,0.489496145021174,-0.0152161935797334,-0.0531855601925279,-0.0873404270404358,-0.01903069334462,TRUE
"2022",0.0187878787878788,0.489496145021174,-0.0152161935797334,-0.0535982706991887,-0.0877531375470966,-0.0194434038512808,TRUE
"2022",0.018989898989899,0.489496145021174,-0.0152161935797334,-0.0540109812058495,-0.0881658480537574,-0.0198561143579416,TRUE
"2022",0.0191919191919192,0.489496145021174,-0.0152161935797334,-0.0544236917125103,-0.0885785585604182,-0.0202688248646025,TRUE
"2022",0.0193939393939394,0.489496145021174,-0.0152161935797334,-0.0548364022191711,-0.088991269067079,-0.0206815353712633,TRUE
"2022",0.0195959595959596,0.489496145021174,-0.0152161935797334,-0.055249112725832,-0.0894039795737398,-0.0210942458779241,TRUE
"2022",0.0197979797979798,0.489496145021174,-0.0152161935797334,-0.0556618232324928,-0.0898166900804006,-0.0215069563845849,TRUE
"2022",0.02,0.489496145021174,-0.0152161935797334,-0.0560745337391536,-0.0902294005870615,-0.0219196668912457,TRUE
