"Year","N","IV","Confounder","Coefficient","SE","P_value","Significant"
"2004",3478,"C-section IV","birth_single",-0.0332351524876463,0.0147439260322884,0.0242481954758319,TRUE
"2004",3478,"C-section IV","contraceptive_type",1.03771648461039,0.160951805382338,1.29497669689917e-10,TRUE
"2004",3478,"C-section IV","mother_education",1.64168671368082,0.142231649214987,2.85503610291497e-30,TRUE
"2004",3478,"C-section IV","partner_edu",1.83563680809248,0.156072730866309,2.40409125257017e-31,TRUE
"2004",3478,"C-section IV","media_exposure",1.38282868893904,0.12437270921225,3.03884371011316e-28,TRUE
"2004",3478,"C-section IV","mother_working",-0.121864990908099,0.0563472318337385,0.0306283714976745,TRUE
"2004",3478,"C-section IV","pregnancy_terminated",0.0441865965884675,0.0632411559753997,0.484786267916486,FALSE
"2004",3478,"ANC IV","birth_single",-0.00663648982617822,0.00764255882905853,0.385257416329116,FALSE
"2004",3478,"ANC IV","contraceptive_type",0.930490671190202,0.0823768263389927,4.40774224713003e-29,TRUE
"2004",3478,"ANC IV","mother_education",1.19473383486382,0.0722926473654589,4.03600187252951e-59,TRUE
"2004",3478,"ANC IV","partner_edu",1.28862826986772,0.0794934953302905,4.99316066711147e-57,TRUE
"2004",3478,"ANC IV","media_exposure",1.02191900927235,0.0632318967792877,1.04748381883189e-56,TRUE
"2004",3478,"ANC IV","mother_working",0.0250737140051545,0.0292061363332407,0.39067097659723,FALSE
"2004",3478,"ANC IV","pregnancy_terminated",0.0702983815024742,0.0327414608999243,0.0318562619024212,TRUE
"2011",4661,"C-section IV","birth_single",-0.00404032459248595,0.00711475333968516,0.570143964466831,FALSE
"2011",4661,"C-section IV","contraceptive_type",0.438507836776644,0.0731757367770469,2.22166376812949e-09,TRUE
"2011",4661,"C-section IV","mother_education",1.08131238978326,0.0604400039538507,2.76804950124705e-69,TRUE
"2011",4661,"C-section IV","partner_edu",1.19426587534761,0.0702943188418044,7.41517583182081e-63,TRUE
"2011",4661,"C-section IV","media_exposure",0.750405529821562,0.0494850754791606,9.74348124804863e-51,TRUE
"2011",4661,"C-section IV","mother_working",0.0968915125855082,0.019762499146654,9.76938490979135e-07,TRUE
"2011",4661,"C-section IV","pregnancy_terminated",0.0261224375619556,0.0269198203987955,0.331907815966294,FALSE
"2011",4661,"ANC IV","birth_single",0.00816612451234383,0.00571600585289446,0.153174268336601,FALSE
"2011",4661,"ANC IV","contraceptive_type",0.508545535650892,0.058554440494353,5.16383411643528e-18,TRUE
"2011",4661,"ANC IV","mother_education",0.894711091622877,0.0484658267385124,1.69149914580957e-73,TRUE
"2011",4661,"ANC IV","partner_edu",0.928942376937734,0.0565950861177981,6.66518276714245e-59,TRUE
"2011",4661,"ANC IV","media_exposure",0.55248945997667,0.0399209036727925,1.01925100725205e-42,TRUE
"2011",4661,"ANC IV","mother_working",0.0866377601883137,0.015870391663751,5.03445073687371e-08,TRUE
"2011",4661,"ANC IV","pregnancy_terminated",0.0145592907169862,0.0216325553930662,0.500963587168445,FALSE
"2017-2018",4793,"C-section IV","birth_single",-0.00946772606996515,0.00568896320406771,0.0961324718225192,FALSE
"2017-2018",4793,"C-section IV","contraceptive_type",0.141418119812907,0.0548191367405254,0.00991751572599123,TRUE
"2017-2018",4793,"C-section IV","mother_education",0.76831666437388,0.0446510376836078,1.95909242084864e-64,TRUE
"2017-2018",4793,"C-section IV","partner_edu",0.801621926579238,0.052682542996192,4.25724178958052e-51,TRUE
"2017-2018",4793,"C-section IV","media_exposure",0.419382580575328,0.0383496755414163,1.64018136075833e-27,TRUE
"2017-2018",4793,"C-section IV","mother_working",-0.183543887346286,0.0272999696298984,1.98530690337472e-11,TRUE
"2017-2018",4793,"C-section IV","pregnancy_terminated",0.0451950515397641,0.021116646221959,0.0323843467645872,TRUE
"2017-2018",4793,"ANC IV","birth_single",0.00281999842355633,0.00527119173282207,0.592686380753597,FALSE
"2017-2018",4793,"ANC IV","contraceptive_type",0.277257145226405,0.0506574464717684,4.64566481767925e-08,TRUE
"2017-2018",4793,"ANC IV","mother_education",0.602367627981147,0.0417223206901927,2.77881860736691e-46,TRUE
"2017-2018",4793,"ANC IV","partner_edu",0.676164533998777,0.0490021665356859,1.67186464517887e-42,TRUE
"2017-2018",4793,"ANC IV","media_exposure",0.323691170376141,0.0356595487329126,1.59381854110093e-19,TRUE
"2017-2018",4793,"ANC IV","mother_working",-0.0169383309937325,0.0254064686516044,0.50499994776756,FALSE
"2017-2018",4793,"ANC IV","pregnancy_terminated",0.0155875054854191,0.0195689205489356,0.425755402808538,FALSE
"2022",4671,"C-section IV","birth_single",0.00439930269541709,0.00535100139591279,0.41103597053816,FALSE
"2022",4671,"C-section IV","contraceptive_type",0.178619658429776,0.0561840546387428,0.00148653627088138,TRUE
"2022",4671,"C-section IV","mother_education",0.524838995099921,0.0393793824123367,8.44866344112116e-40,TRUE
"2022",4671,"C-section IV","partner_edu",0.743611857528762,0.0491997430813399,2.00357988810002e-50,TRUE
"2022",4671,"C-section IV","media_exposure",0.336907807773937,0.0317229870217978,4.74374291804802e-26,TRUE
"2022",4671,"C-section IV","mother_working",-0.0269716161114668,0.021057405668044,0.2003060048089,FALSE
"2022",4671,"C-section IV","pregnancy_terminated",0.0189817650934669,0.0202822840325138,0.349383857224129,FALSE
"2022",4671,"ANC IV","birth_single",0.0121252593842598,0.00576624107243489,0.035536533541625,TRUE
"2022",4671,"ANC IV","contraceptive_type",0.176568049420206,0.0605786708898644,0.0035773446178776,TRUE
"2022",4671,"ANC IV","mother_education",0.472315280717167,0.0426963446379388,4.26287277129523e-28,TRUE
"2022",4671,"ANC IV","partner_edu",0.677383202055111,0.0534086872822952,2.8944862855454e-36,TRUE
"2022",4671,"ANC IV","media_exposure",0.350007258808106,0.0342278563483859,2.73569197456731e-24,TRUE
"2022",4671,"ANC IV","mother_working",-0.0349200049151115,0.0226988031239716,0.124016816338954,FALSE
"2022",4671,"ANC IV","pregnancy_terminated",0.0104581739980699,0.0218664762276624,0.632477366031483,FALSE
